,3GPP Strategic Technology Roadmaps (5G Advanced to 6G),,,
,Compiled from 3GPP Issue 08 Highlights and TR 28.908 Technical Specifications - Optimized for Business Operations and General Oversight,,,
,,,,
Topic,Topic / Initiative,Core Focus (Plain English),Key Business Benefit,Standard/Report Base
Strategic Roadmaps,5G Advanced Inception (Release 18),"The official first wave of 5G Advanced technologies, finalizing how networks handle smarter data traffic.",Guarantees higher performance and efficiency benchmarks across modern cellular sites.,TSG CT Freeze
Strategic Roadmaps,Bridge Framework Planning (Release 19),Building the software bridge that links current 5G systems seamlessly with upcoming 6G foundations.,Protects active technology research and development investments from early obsolescence.,TSG RAN / SA Plan
Strategic Roadmaps,6G Strategic Studies (Release 20),"Starting the initial conceptual design rules for the 6G era, targeted for massive scale deployment by 2030+.",Secures early strategic alignment for the next decade of mobile infrastructure operations.,IMT-2030 Inception
Strategic Roadmaps,Smart Energy Grid Partnership (NSOEU),Connecting cellular network management with power companies to automatically coordinate grid blackouts.,Reduces average consumer outage times and prevents cellular site shutdown via automated grid battery fallback.,3GPP TS 28.318
Strategic Roadmaps,Immersive Mixed Reality Platforms (XR),"Standardizing smart glasses, phones, and headsets to stream rich virtual content with ultra-low delay.",Unlocks global cross-compatibility for high-end augmented reality applications and games.,3GPP TS 26.119
Strategic Roadmaps,Intelligent Next-Gen Calling (NG-RTC),"Upgrading regular phone calls into interactive sessions with real-time text, avatars, and inline language help.","Enables advanced automated call services, live hearing assistance, and inline business tools.",TS 29.175 / 29.330
Strategic Roadmaps,Network Cyber Security Certification,Defining strict automated testing rules (SCAS) to make sure multi-vendor cellular hardware has zero hidden flaws.,Mitigates catastrophic infrastructure attacks by adhering to international sovereign regulatory benchmarks.,3GPP SCAS / GSMA NESAS
Strategic Roadmaps,Battery-less Sensors & Tracking (Ambient IoT),"Studying ultra-cheap, battery-free sensors that harvest power from solar, heat, or radio waves for smart tracking.","Allows infinite scale tracking for logistics, inventory, and automated factories without battery changes.",3GPP Release 19 Study
,,,,
,,,,
,,,,
,,,,
,Automated Inference Control Frameworks & Safety Guardrails,,,
,Compiled from 3GPP Issue 08 Highlights and TR 28.908 Technical Specifications - Optimized for Business Operations and General Oversight,,,
,,,,
Topic,Safety Mechanism / Control,Plain-Language System Description,Critical Protection Objective,
System Safety Guardrails,Regional Scope Constraints,Enforces strict geographic or structural boundaries detailing where a specific model is allowed to manage rules.,Prevents hazardous data context handovers and ping-pong loop errors during fast mobility transitions.,
System Safety Guardrails,Multi-Vendor Arbitration Loops,A centralized overseer module that intercepts conflicting tuning requests submitted by different vendor models.,Stops competing automation tasks from fighting over the same baseline cell resources concurrently.,
System Safety Guardrails,Standardized Action Quality Indicator (AQI),A standardized scoring system (scale of 0-1) where neighboring nodes report how a specific change affected them.,Aggregates environmental ripple impacts to learn if an optimization hurts the rest of the ecosystem.,
System Safety Guardrails,Abstract Activation Scaling Steps,"Allows progressive testing by restricting model activation to minor scopes (e.g., specific cell towers or low-traffic hours).",Minimizes structural network damage by isolating unproven smart models until they build real-world trust metrics.,
System Safety Guardrails,Model Performance Abstraction,"Translates complex technical metrics (like Confusion Matrices) into simple, standardized health indices.",Allows non-technical operations teams to reliably evaluate core software health without reading source code.,
System Safety Guardrails,The Trustworthy Explainability Pillar,Ensures the system can visually explain the specific data points that triggered an automated decision.,"Establishes deep system transparency, avoiding 'black-box' operational vulnerabilities.",
System Safety Guardrails,The Trustworthy Fairness Pillar,Enforces mathematical checking algorithms to prove the smart model isn't unfairly penalizing low-income districts.,Maintains corporate compliance with emerging sovereign artificial intelligence safety regulations globally.,
System Safety Guardrails,The Trustworthy Robustness Pillar,Enforces automatic data cleanup to ensure models make correct decisions even if data fields are broken or missing.,Maintains resilient system stability and uptime during severe data transmission noise or dropouts.,
,,,,
,,,,
,,,,
,,,,
,TR 28.908 Machine Learning Lifecycle Operational Workflows,,,
,Compiled from 3GPP Issue 08 Highlights and TR 28.908 Technical Specifications - Optimized for Business Operations and General Oversight,,,
,,,,
Topic,Operational Step,What Happens in this Phase?,Why it Matters to Operations,Key Optimization Tool
AI Lifecycle Guide,1. Smarter Data Gathering,Sifting through millions of raw network data alerts to isolate and compress only highly effective historical events.,Reduces high technical storage overhead and keeps systems clear of noisy or duplicate event data.,Network Events Processing Agent (NEPA)
AI Lifecycle Guide,2. Training & Learning,The computer algorithm reads historical data patterns to generate a new software core capable of smart predictions.,Creates a working brain capable of predicting traffic jumps or signal dips accurately.,AI Model Core Engine
AI Lifecycle Guide,3. Statistical Validation,Splitting a piece of data away to verify how accurately the newly trained model scores against known answers.,Prevents bad model training loops from passing into the next phase of operational integration.,Error Tuning Logs
AI Lifecycle Guide,4. Deterministic Sandbox Testing,Running the model through simulated network scopes using live streams before exposing it to real cell sites.,Proves that the smart logic works safely within multi-vendor environments before going live.,Deterministic Simulation Sandbox
AI Lifecycle Guide,5. Automated Deployment,Automatically pushing the verified model file into local target network functions (like base stations).,Removes manual programming errors and lets the network scale updates on demand.,File Transfer / Configuration Management
AI Lifecycle Guide,6. Live Operational Inference,"The active model runs inside live systems, continuously choosing the best configuration settings every minute.","Delivers autonomous, self-healing performance improvements without requiring human engineers.",Live Local Inference Functions
